inci_name,kor_name,effect_code,effect_source,selection_reasons,product_count
"1,2-HEXANEDIOL","1,2-헥산다이올",BARRIER_REPAIR,graph,products100,2468
"1,2-HEXANEDIOL","1,2-헥산다이올",HYDRATING,graph,products100,2468
2-CAPRYLOYL CAPRYLOYL METHYL ALANINATE,2-카프릴로일카프릴로일메틸알라니네이트,BARRIER_REPAIR,graph,exposed,1
2-CAPRYLOYL CAPRYLOYL METHYL ALANINATE,2-카프릴로일카프릴로일메틸알라니네이트,HYDRATING,graph,exposed,1
2-CAPRYLOYL CAPRYLOYL METHYL ALANINATE,2-카프릴로일카프릴로일메틸알라니네이트,SEBUM_REGULATION,graph,exposed,1
2-CAPRYLOYL CAPRYLOYL METHYL ALANINATE,2-카프릴로일카프릴로일메틸알라니네이트,SOOTHING,graph,exposed,1
2-MERCAPTONICOTINOYL GLYCINE,2-머캅토니코티노일글라이신,BARRIER_REPAIR,graph,exposed,1
2-MERCAPTONICOTINOYL GLYCINE,2-머캅토니코티노일글라이신,DEPIGMENTING,graph,exposed,1
2-MERCAPTONICOTINOYL GLYCINE,2-머캅토니코티노일글라이신,HYDRATING,graph,exposed,1
3-O-ETHYL ASCORBIC ACID,3-O-에틸아스코빅애씨드,BARRIER_REPAIR,graph,mfds|exposed|products100,135
3-O-ETHYL ASCORBIC ACID,3-O-에틸아스코빅애씨드,BRIGHTENING,graph|mfds,mfds|exposed|products100,135
3-O-ETHYL ASCORBIC ACID,3-O-에틸아스코빅애씨드,DEPIGMENTING,graph|mfds,mfds|exposed|products100,135
3-O-ETHYL ASCORBIC ACID,3-O-에틸아스코빅애씨드,HYDRATING,graph,mfds|exposed|products100,135
4-BUTYLRESORCINOL,4-부틸레조시놀,ANTIOXIDANT,graph,exposed,2
4-BUTYLRESORCINOL,4-부틸레조시놀,ANTI_AGING,graph,exposed,2
4-BUTYLRESORCINOL,4-부틸레조시놀,BRIGHTENING,graph,exposed,2
4-BUTYLRESORCINOL,4-부틸레조시놀,DEPIGMENTING,graph,exposed,2
ACACIA SENEGAL GUM,아라비아고무나무검,ANTIMICROBIAL,graph,exposed,28
ACACIA SENEGAL GUM,아라비아고무나무검,HYDRATING,graph,exposed,28
ACETYL HEXAPEPTIDE-1,아세틸헥사펩타이드-1,ANTI_AGING,graph,exposed,25
ACETYL HEXAPEPTIDE-1,아세틸헥사펩타이드-1,BARRIER_REPAIR,graph,exposed,25
ACETYL HEXAPEPTIDE-1,아세틸헥사펩타이드-1,HYDRATING,graph,exposed,25
ACETYL HEXAPEPTIDE-8,아세틸헥사펩타이드-8,ANTI_AGING,graph,exposed|products100,236
ACETYL HEXAPEPTIDE-8,아세틸헥사펩타이드-8,BARRIER_REPAIR,graph,exposed|products100,236
ACETYL HEXAPEPTIDE-8,아세틸헥사펩타이드-8,HYDRATING,graph,exposed|products100,236
ACETYL HEXAPEPTIDE-8,아세틸헥사펩타이드-8,MOISTURE_RETENTION,graph,exposed|products100,236
ACETYL HEXAPEPTIDE-8,아세틸헥사펩타이드-8,SEBUM_REGULATION,graph,exposed|products100,236
ADENOSINE,아데노신,ANTI_AGING,graph|mfds,mfds|exposed|products100,1045
ADENOSINE,아데노신,BARRIER_REPAIR,graph,mfds|exposed|products100,1045
ADENOSINE,아데노신,HYDRATING,graph,mfds|exposed|products100,1045
AESCULUS HIPPOCASTANUM EXTRACT,가시칠엽수추출물,ANTIOXIDANT,graph,exposed,7
AESCULUS HIPPOCASTANUM EXTRACT,가시칠엽수추출물,ANTI_AGING,graph,exposed,7
AESCULUS HIPPOCASTANUM EXTRACT,가시칠엽수추출물,ANTI_INFLAMMATORY,graph,exposed,7
AESCULUS HIPPOCASTANUM EXTRACT,가시칠엽수추출물,BARRIER_REPAIR,graph,exposed,7
AESCULUS HIPPOCASTANUM EXTRACT,가시칠엽수추출물,DEPIGMENTING,graph,exposed,7
AESCULUS HIPPOCASTANUM EXTRACT,가시칠엽수추출물,HYDRATING,graph,exposed,7
AESCULUS HIPPOCASTANUM EXTRACT,가시칠엽수추출물,SEBUM_REGULATION,graph,exposed,7
AESCULUS HIPPOCASTANUM EXTRACT,가시칠엽수추출물,SOOTHING,graph,exposed,7
ALANINE,알라닌,BARRIER_REPAIR,graph,products100,142
ALANINE,알라닌,HYDRATING,graph,products100,142
ALCOHOL,에탄올,ANTIMICROBIAL,graph,products100,367
ALCOHOL,에탄올,SEBUM_REGULATION,graph,products100,367
ALGAE EXTRACT,라미나리아 오크롤레우카추출물,ANTI_AGING,graph,exposed|products100,134
ALGAE EXTRACT,라미나리아 오크롤레우카추출물,BARRIER_REPAIR,graph,exposed|products100,134
ALGAE EXTRACT,라미나리아 오크롤레우카추출물,HYDRATING,graph,exposed|products100,134
ALGAE EXTRACT,라미나리아 오크롤레우카추출물,MOISTURE_RETENTION,graph,exposed|products100,134
ALLANTOIN,알란토인,ANTI_INFLAMMATORY,graph,exposed|products100,923
ALLANTOIN,알란토인,BARRIER_REPAIR,graph,exposed|products100,923
ALLANTOIN,알란토인,HYDRATING,graph,exposed|products100,923
ALLANTOIN,알란토인,KERATOLYTIC,graph,exposed|products100,923
ALLANTOIN,알란토인,SOOTHING,graph,exposed|products100,923
ALLANTOIN,알란토인,WOUND_HEALING,graph,exposed|products100,923
ALLIUM CEPA BULB EXTRACT,양파추출물,ANTIMICROBIAL,graph,exposed,22
ALLIUM CEPA BULB EXTRACT,양파추출물,ANTIOXIDANT,graph,exposed,22
ALLIUM CEPA BULB EXTRACT,양파추출물,BARRIER_REPAIR,graph,exposed,22
ALLIUM CEPA BULB EXTRACT,양파추출물,HYDRATING,graph,exposed,22
ALPHA-ARBUTIN,알파-알부틴,ANTIOXIDANT,graph,exposed,37
ALPHA-ARBUTIN,알파-알부틴,ANTI_AGING,graph,exposed,37
ALPHA-ARBUTIN,알파-알부틴,BARRIER_REPAIR,graph,exposed,37
ALPHA-ARBUTIN,알파-알부틴,DEPIGMENTING,graph,exposed,37
ALPHA-ARBUTIN,알파-알부틴,HYDRATING,graph,exposed,37
AMINOBUTYRIC ACID,아미노부티릭애씨드,ANTI_AGING,graph,exposed,2
AMMONIUM LACTATE,암모늄락테이트,BARRIER_REPAIR,graph,exposed,0
AMMONIUM LACTATE,암모늄락테이트,HYDRATING,graph,exposed,0
AMMONIUM LACTATE,암모늄락테이트,KERATOLYTIC,graph,exposed,0
AMMONIUM LACTATE,암모늄락테이트,MOISTURE_RETENTION,graph,exposed,0
ANHYDROXYLITOL,안하이드로자일리톨,BARRIER_REPAIR,graph,products100,108
ANHYDROXYLITOL,안하이드로자일리톨,HYDRATING,graph,products100,108
ANHYDROXYLITOL,안하이드로자일리톨,MOISTURE_RETENTION,graph,products100,108
APIUM GRAVEOLENS EXTRACT,셀러리추출물,ANTI_INFLAMMATORY,graph,exposed,2
APIUM GRAVEOLENS EXTRACT,셀러리추출물,BARRIER_REPAIR,graph,exposed,2
APIUM GRAVEOLENS EXTRACT,셀러리추출물,HYDRATING,graph,exposed,2
ARBUTIN,알부틴,ANTIOXIDANT,graph,mfds|exposed,46
ARBUTIN,알부틴,ANTI_AGING,graph,mfds|exposed,46
ARBUTIN,알부틴,BARRIER_REPAIR,graph,mfds|exposed,46
ARBUTIN,알부틴,BRIGHTENING,graph|mfds,mfds|exposed,46
ARBUTIN,알부틴,DEPIGMENTING,graph|mfds,mfds|exposed,46
ARBUTIN,알부틴,HYDRATING,graph,mfds|exposed,46
ARCTOSTAPHYLOS UVA-URSI LEAF EXTRACT,베어베리잎추출물,ANTIMICROBIAL,graph,exposed,2
ARCTOSTAPHYLOS UVA-URSI LEAF EXTRACT,베어베리잎추출물,ANTIOXIDANT,graph,exposed,2
ARCTOSTAPHYLOS UVA-URSI LEAF EXTRACT,베어베리잎추출물,BARRIER_REPAIR,graph,exposed,2
ARCTOSTAPHYLOS UVA-URSI LEAF EXTRACT,베어베리잎추출물,BRIGHTENING,graph,exposed,2
ARCTOSTAPHYLOS UVA-URSI LEAF EXTRACT,베어베리잎추출물,DEPIGMENTING,graph,exposed,2
ARCTOSTAPHYLOS UVA-URSI LEAF EXTRACT,베어베리잎추출물,HYDRATING,graph,exposed,2
ARGININE,알지닌,BARRIER_REPAIR,graph,products100,647
ARGININE,알지닌,HYDRATING,graph,products100,647
ASCORBIC ACID,아스코빅애씨드,ANTIOXIDANT,graph,exposed|products100,224
ASCORBIC ACID,아스코빅애씨드,ANTI_AGING,graph,exposed|products100,224
ASCORBIC ACID,아스코빅애씨드,BARRIER_REPAIR,graph,exposed|products100,224
ASCORBIC ACID,아스코빅애씨드,BRIGHTENING,graph,exposed|products100,224
ASCORBIC ACID,아스코빅애씨드,DEPIGMENTING,graph,exposed|products100,224
ASCORBIC ACID,아스코빅애씨드,HYDRATING,graph,exposed|products100,224
ASCORBIC ACID,아스코빅애씨드,PHOTOPROTECTIVE,graph,exposed|products100,224
ASCORBYL GLUCOSIDE,아스코빌글루코사이드,ANTIOXIDANT,graph,mfds|exposed,79
ASCORBYL GLUCOSIDE,아스코빌글루코사이드,ANTI_AGING,graph,mfds|exposed,79
ASCORBYL GLUCOSIDE,아스코빌글루코사이드,BRIGHTENING,graph|mfds,mfds|exposed,79
ASCORBYL GLUCOSIDE,아스코빌글루코사이드,DEPIGMENTING,graph|mfds,mfds|exposed,79
ASCORBYL TETRAISOPALMITATE,아스코빌테트라이소팔미테이트,ANTIOXIDANT,graph,mfds,35
ASCORBYL TETRAISOPALMITATE,아스코빌테트라이소팔미테이트,ANTI_AGING,graph,mfds,35
ASCORBYL TETRAISOPALMITATE,아스코빌테트라이소팔미테이트,BARRIER_REPAIR,graph,mfds,35
ASCORBYL TETRAISOPALMITATE,아스코빌테트라이소팔미테이트,BRIGHTENING,graph|mfds,mfds,35
ASCORBYL TETRAISOPALMITATE,아스코빌테트라이소팔미테이트,DEPIGMENTING,graph|mfds,mfds,35
ASCORBYL TETRAISOPALMITATE,아스코빌테트라이소팔미테이트,HYDRATING,graph,mfds,35
ASIATIC ACID,아시아틱애씨드,BARRIER_REPAIR,graph,products100,313
ASIATIC ACID,아시아틱애씨드,HYDRATING,graph,products100,313
ASIATICOSIDE,아시아티코사이드비,ANTIOXIDANT,graph,products100,364
ASIATICOSIDE,아시아티코사이드비,ANTI_AGING,graph,products100,364
ASIATICOSIDE,아시아티코사이드비,BARRIER_REPAIR,graph,products100,364
ASIATICOSIDE,아시아티코사이드비,HYDRATING,graph,products100,364
ASPARTIC ACID,아스파틱애씨드,BARRIER_REPAIR,graph,products100,132
ASPARTIC ACID,아스파틱애씨드,HYDRATING,graph,products100,132
ASTAXANTHIN,아스타잔틴,ANTI_AGING,graph,exposed,13
ASTAXANTHIN,아스타잔틴,BARRIER_REPAIR,graph,exposed,13
ASTAXANTHIN,아스타잔틴,HYDRATING,graph,exposed,13
ASTAXANTHIN,아스타잔틴,WOUND_HEALING,graph,exposed,13
BAKUCHIOL,바쿠치올,ANTIMICROBIAL,graph,exposed,65
BAKUCHIOL,바쿠치올,ANTIOXIDANT,graph,exposed,65
BAKUCHIOL,바쿠치올,ANTI_AGING,graph,exposed,65
BAKUCHIOL,바쿠치올,ANTI_INFLAMMATORY,graph,exposed,65
BAKUCHIOL,바쿠치올,BARRIER_REPAIR,graph,exposed,65
BAKUCHIOL,바쿠치올,HYDRATING,graph,exposed,65
BAKUCHIOL,바쿠치올,PHOTOPROTECTIVE,graph,exposed,65
BAKUCHIOL,바쿠치올,SOOTHING,graph,exposed,65
BEESWAX,비즈왁스,BARRIER_REPAIR,graph,exposed,46
BEESWAX,비즈왁스,HYDRATING,graph,exposed,46
BEESWAX,비즈왁스,MOISTURE_RETENTION,graph,exposed,46
BEHENYL ALCOHOL,베헤닐알코올,BARRIER_REPAIR,graph,products100,204
BEHENYL ALCOHOL,베헤닐알코올,HYDRATING,graph,products100,204
BENZOPHENONE-3,벤조페논-3,PHOTOPROTECTIVE,mfds,mfds,1
BENZOPHENONE-4,벤조페논-4,PHOTOPROTECTIVE,mfds,mfds,5
BETA-GLUCAN,베타-글루칸,ANTIOXIDANT,graph,products100,421
BETA-GLUCAN,베타-글루칸,ANTI_INFLAMMATORY,graph,products100,421
BETA-GLUCAN,베타-글루칸,BARRIER_REPAIR,graph,products100,421
BETA-GLUCAN,베타-글루칸,HYDRATING,graph,products100,421
BETAINE,베타인,ANTI_INFLAMMATORY,graph,exposed|products100,670
BETAINE,베타인,BARRIER_REPAIR,graph,exposed|products100,670
BETAINE,베타인,HYDRATING,graph,exposed|products100,670
BETAINE,베타인,MOISTURE_RETENTION,graph,exposed|products100,670
BETAINE,베타인,SOOTHING,graph,exposed|products100,670
BIFIDA FERMENT LYSATE,비피다발효용해물,BARRIER_REPAIR,graph,products100,100
BIFIDA FERMENT LYSATE,비피다발효용해물,HYDRATING,graph,products100,100
BIOSACCHARIDE GUM-1,바이오사카라이드검-1,BARRIER_REPAIR,graph,products100,113
BIOSACCHARIDE GUM-1,바이오사카라이드검-1,HYDRATING,graph,products100,113
BIOTIN,바이오틴,BARRIER_REPAIR,graph,mfds,90
BIOTIN,바이오틴,HYDRATING,graph,mfds,90
BIS-ETHYLHEXYLOXYPHENOL METHOXYPHENYL TRIAZINE,비스-에칠헥실옥시페놀메톡시페닐트리아진,PHOTOPROTECTIVE,mfds,mfds,49
BISABOLOL,비사보롤,ANTI_AGING,graph,mfds|exposed,73
BISABOLOL,비사보롤,ANTI_INFLAMMATORY,graph,mfds|exposed,73
BISABOLOL,비사보롤,BARRIER_REPAIR,graph,mfds|exposed,73
BISABOLOL,비사보롤,BRIGHTENING,graph|mfds,mfds|exposed,73
BISABOLOL,비사보롤,DEPIGMENTING,graph|mfds,mfds|exposed,73
BISABOLOL,비사보롤,HYDRATING,graph,mfds|exposed,73
BISABOLOL,비사보롤,SOOTHING,graph,mfds|exposed,73
BISABOLOL,비사보롤,WOUND_HEALING,graph,mfds|exposed,73
BLETILLA STRIATA ROOT EXTRACT,자란뿌리추출물,ANTIMICROBIAL,graph,exposed,1
BLETILLA STRIATA ROOT EXTRACT,자란뿌리추출물,BARRIER_REPAIR,graph,exposed,1
BLETILLA STRIATA ROOT EXTRACT,자란뿌리추출물,HYDRATING,graph,exposed,1
BLETILLA STRIATA ROOT EXTRACT,자란뿌리추출물,MOISTURE_RETENTION,graph,exposed,1
BLETILLA STRIATA ROOT EXTRACT,자란뿌리추출물,SOOTHING,graph,exposed,1
BORON NITRIDE,보론나이트라이드,SEBUM_REGULATION,graph,exposed,13
BROMELAIN,브로멜라인,BARRIER_REPAIR,graph,exposed,19
BROMELAIN,브로멜라인,HYDRATING,graph,exposed,19
BROMELAIN,브로멜라인,KERATOLYTIC,graph,exposed,19
BUTYL METHOXYDIBENZOYLMETHANE,부틸메톡시디벤조일메탄,PHOTOPROTECTIVE,graph|mfds,mfds,20
BUTYLENE GLYCOL,부틸렌글라이콜,BARRIER_REPAIR,graph,products100,2412
BUTYLENE GLYCOL,부틸렌글라이콜,HYDRATING,graph,products100,2412
BUTYLENE GLYCOL,부틸렌글라이콜,MOISTURE_RETENTION,graph,products100,2412
CAFFEINE,카페인,BARRIER_REPAIR,graph,exposed|products100,158
CAFFEINE,카페인,HYDRATING,graph,exposed|products100,158
CAFFEINE,카페인,MOISTURE_RETENTION,graph,exposed|products100,158
CALCIUM LACTATE,칼슘락테이트,KERATOLYTIC,graph,exposed,21
CALCIUM LACTATE,칼슘락테이트,SEBUM_REGULATION,graph,exposed,21
CAMELLIA JAPONICA SEED EXTRACT,동백나무추출물,BARRIER_REPAIR,graph,products100,123
CAMELLIA JAPONICA SEED EXTRACT,동백나무추출물,HYDRATING,graph,products100,123
CAMELLIA SINENSIS FLOWER WATER,백차추출물,SEBUM_REGULATION,graph,exposed|products100,373
CANDIDA BOMBICOLA/GLUCOSE/METHYL RAPESEEDATE FERMENT,칸디다 봄비콜라/글루코오스/메틸레이프씨데이트발효물,ANTIMICROBIAL,graph,exposed,79
CANDIDA BOMBICOLA/GLUCOSE/METHYL RAPESEEDATE FERMENT,칸디다 봄비콜라/글루코오스/메틸레이프씨데이트발효물,BARRIER_REPAIR,graph,exposed,79
CANDIDA BOMBICOLA/GLUCOSE/METHYL RAPESEEDATE FERMENT,칸디다 봄비콜라/글루코오스/메틸레이프씨데이트발효물,SEBUM_REGULATION,graph,exposed,79
CANDIDA BOMBICOLA/GLUCOSE/METHYL RAPESEEDATE FERMENT,칸디다 봄비콜라/글루코오스/메틸레이프씨데이트발효물,SOOTHING,graph,exposed,79
CAPRYLIC/CAPRIC TRIGLYCERIDE,카프릴릭/카프릭트라이글리세라이드,BARRIER_REPAIR,graph,products100,1036
CAPRYLIC/CAPRIC TRIGLYCERIDE,카프릴릭/카프릭트라이글리세라이드,HYDRATING,graph,products100,1036
CAPRYLOYL GLYCINE,카프릴로일글라이신,ANTIMICROBIAL,graph,exposed,23
CAPRYLOYL GLYCINE,카프릴로일글라이신,SEBUM_REGULATION,graph,exposed,23
CAPRYLOYL SALICYLIC ACID,카프릴로일살리실릭애씨드,BARRIER_REPAIR,graph,products100,220
CAPRYLOYL SALICYLIC ACID,카프릴로일살리실릭애씨드,HYDRATING,graph,products100,220
CAPRYLYL GLYCOL,카프릴릴글라이콜,BARRIER_REPAIR,graph,products100,939
CAPRYLYL GLYCOL,카프릴릴글라이콜,HYDRATING,graph,products100,939
CARDIOSPERMUM HALICACABUM SEED EXTRACT,풍선덩굴씨추출물,ANTIMICROBIAL,graph,exposed,19
CARDIOSPERMUM HALICACABUM SEED EXTRACT,풍선덩굴씨추출물,BARRIER_REPAIR,graph,exposed,19
CARDIOSPERMUM HALICACABUM SEED EXTRACT,풍선덩굴씨추출물,HYDRATING,graph,exposed,19
CARDIOSPERMUM HALICACABUM SEED EXTRACT,풍선덩굴씨추출물,SEBUM_REGULATION,graph,exposed,19
CARICA PAPAYA FRUIT EXTRACT,파파야잎추출물,BARRIER_REPAIR,graph,exposed,79
CARICA PAPAYA FRUIT EXTRACT,파파야잎추출물,BRIGHTENING,graph,exposed,79
CARICA PAPAYA FRUIT EXTRACT,파파야잎추출물,HYDRATING,graph,exposed,79
CARICA PAPAYA FRUIT EXTRACT,파파야잎추출물,KERATOLYTIC,graph,exposed,79
CARNITINE,카르니틴,BARRIER_REPAIR,graph,exposed,21
CARNITINE,카르니틴,HYDRATING,graph,exposed,21
CARNITINE,카르니틴,SEBUM_REGULATION,graph,exposed,21
CARNOSINE,카르노신,ANTIOXIDANT,graph,exposed,72
CARNOSINE,카르노신,ANTI_INFLAMMATORY,graph,exposed,72
CARNOSINE,카르노신,BARRIER_REPAIR,graph,exposed,72
CARNOSINE,카르노신,HYDRATING,graph,exposed,72
CARTHAMUS TINCTORIUS LEAF EXTRACT,잇꽃꽃수,ANTIOXIDANT,graph,products100,116
CARTHAMUS TINCTORIUS LEAF EXTRACT,잇꽃꽃수,ANTI_AGING,graph,products100,116
CARTHAMUS TINCTORIUS SEED OIL,잇꽃씨오일,BARRIER_REPAIR,graph,exposed,50
CARTHAMUS TINCTORIUS SEED OIL,잇꽃씨오일,HYDRATING,graph,exposed,50
CARTHAMUS TINCTORIUS SEED OIL,잇꽃씨오일,MOISTURE_RETENTION,graph,exposed,50
CASTANEA CRENATA SHELL EXTRACT,밤껍질추출물,ANTIMICROBIAL,graph,products100,104
CASTANEA CRENATA SHELL EXTRACT,밤껍질추출물,BARRIER_REPAIR,graph,products100,104
CASTANEA CRENATA SHELL EXTRACT,밤껍질추출물,HYDRATING,graph,products100,104
CELLULOSE,셀룰로오스,ANTI_AGING,graph,exposed|products100,159
CELLULOSE,셀룰로오스,HYDRATING,graph,exposed|products100,159
CENTELLA ASIATICA LEAF/STEM EXTRACT,병풀잎/줄기추출물,BARRIER_REPAIR,graph,products100,766
CENTELLA ASIATICA LEAF/STEM EXTRACT,병풀잎/줄기추출물,HYDRATING,graph,products100,766
CERAMIDE AP,카프로일스핑고신,BARRIER_REPAIR,graph,products100,124
CERAMIDE AP,카프로일스핑고신,HYDRATING,graph,products100,124
CERAMIDE EOP,세라마이드이오피,BARRIER_REPAIR,graph,products100,117
CERAMIDE EOP,세라마이드이오피,HYDRATING,graph,products100,117
CERAMIDE NP,세라마이드엔피,BARRIER_REPAIR,graph,products100,816
CERAMIDE NP,세라마이드엔피,HYDRATING,graph,products100,816
CERAMIDE NS,세라마이드엔에스,BARRIER_REPAIR,graph,products100,103
CERAMIDE NS,세라마이드엔에스,HYDRATING,graph,products100,103
CETEARYL ALCOHOL,세테아릴알코올,BARRIER_REPAIR,graph,products100,542
CETEARYL ALCOHOL,세테아릴알코올,HYDRATING,graph,products100,542
CETEARYL OLIVATE,세테아릴올리베이트,BARRIER_REPAIR,graph,products100,258
CETEARYL OLIVATE,세테아릴올리베이트,HYDRATING,graph,products100,258
CETYL ALCOHOL,세틸알코올,BARRIER_REPAIR,graph,products100,144
CETYL ALCOHOL,세틸알코올,HYDRATING,graph,products100,144
CETYL ETHYLHEXANOATE,세틸에틸헥사노에이트,BARRIER_REPAIR,graph,products100,316
CETYL ETHYLHEXANOATE,세틸에틸헥사노에이트,HYDRATING,graph,products100,316
CHAMAECYPARIS OBTUSA BRANCH/LEAF EXTRACT,편백잎수,BARRIER_REPAIR,graph,products100,125
CHAMAECYPARIS OBTUSA BRANCH/LEAF EXTRACT,편백잎수,HYDRATING,graph,products100,125
CHAMAECYPARIS OBTUSA BRANCH/LEAF EXTRACT,편백잎수,MOISTURE_RETENTION,graph,products100,125
CHAMOMILLA RECUTITA FLOWER/LEAF EXTRACT,마트리카리아꽃추출물,ANTIMICROBIAL,graph,products100,170
CHAMOMILLA RECUTITA FLOWER/LEAF EXTRACT,마트리카리아꽃추출물,SOOTHING,graph,products100,170
CHITOSAN,키토산에이치씨엘,BARRIER_REPAIR,graph,exposed,18
CHITOSAN,키토산에이치씨엘,HYDRATING,graph,exposed,18
CHLORPHENESIN,클로페네신,ANTIMICROBIAL,graph,products100,129
CHOLESTEROL,콜레스테롤,ANTIOXIDANT,graph,exposed|products100,329
CHOLESTEROL,콜레스테롤,BARRIER_REPAIR,graph,exposed|products100,329
CHOLESTEROL,콜레스테롤,HYDRATING,graph,exposed|products100,329
CHOLESTEROL,콜레스테롤,SEBUM_REGULATION,graph,exposed|products100,329
CI 77891,티타늄디옥사이드,PHOTOPROTECTIVE,mfds,mfds|products100,171
CI 77947,징크옥사이드,PHOTOPROTECTIVE,mfds,mfds,30
CITRIC ACID,시트릭애씨드,HYDRATING,graph,products100,869
CITRUS JUNOS SEED OIL,유자씨오일,ANTI_AGING,graph,exposed,4
CITRUS JUNOS SEED OIL,유자씨오일,BARRIER_REPAIR,graph,exposed,4
CITRUS JUNOS SEED OIL,유자씨오일,BRIGHTENING,graph,exposed,4
CITRUS JUNOS SEED OIL,유자씨오일,DEPIGMENTING,graph,exposed,4
CITRUS JUNOS SEED OIL,유자씨오일,HYDRATING,graph,exposed,4
CITRUS JUNOS SEED OIL,유자씨오일,MOISTURE_RETENTION,graph,exposed,4
CLAY,점토,ANTIMICROBIAL,graph,exposed,5
CLAY,점토,ANTI_AGING,graph,exposed,5
CLAY,점토,BARRIER_REPAIR,graph,exposed,5
CLAY,점토,HYDRATING,graph,exposed,5
CLAY,점토,SEBUM_REGULATION,graph,exposed,5
CLAY,점토,SOOTHING,graph,exposed,5
CLAY,점토,WOUND_HEALING,graph,exposed,5
CLEOME GYNANDRA LEAF EXTRACT,아프리카스파이더플라워잎추출물,SEBUM_REGULATION,graph,exposed,2
COCO-BETAINE,코코-베타인,BARRIER_REPAIR,graph,products100,110
COCO-BETAINE,코코-베타인,HYDRATING,graph,products100,110
COLLOIDAL OATMEAL,콜로이달오트밀,ANTI_INFLAMMATORY,graph,exposed,6
COLLOIDAL OATMEAL,콜로이달오트밀,BARRIER_REPAIR,graph,exposed,6
COLLOIDAL OATMEAL,콜로이달오트밀,HYDRATING,graph,exposed,6
COLLOIDAL OATMEAL,콜로이달오트밀,SOOTHING,graph,exposed,6
COPPER TRIPEPTIDE-1,카퍼트라이펩타이드-1,BARRIER_REPAIR,graph,products100,204
COPPER TRIPEPTIDE-1,카퍼트라이펩타이드-1,HYDRATING,graph,products100,204
COPTIS JAPONICA ROOT EXTRACT,황련뿌리추출물,ANTIMICROBIAL,graph,products100,111
COPTIS JAPONICA ROOT EXTRACT,황련뿌리추출물,BARRIER_REPAIR,graph,products100,111
COPTIS JAPONICA ROOT EXTRACT,황련뿌리추출물,HYDRATING,graph,products100,111
CURCUMA LONGA CALLUS EXTRACT,울금캘러스추출물,BARRIER_REPAIR,graph,products100,182
CURCUMA LONGA CALLUS EXTRACT,울금캘러스추출물,SOOTHING,graph,products100,182
CYANOCOBALAMIN,사이아노코발아민,BARRIER_REPAIR,graph,products100,168
CYANOCOBALAMIN,사이아노코발아민,HYDRATING,graph,products100,168
CYSTEINE,시스테인,ANTIOXIDANT,graph,products100,102
CYSTEINE,시스테인,ANTI_AGING,graph,products100,102
DICAPRYLYL CARBONATE,다이카프릴릴카보네이트,BARRIER_REPAIR,graph,products100,109
DICAPRYLYL CARBONATE,다이카프릴릴카보네이트,HYDRATING,graph,products100,109
DIETHYLAMINO HYDROXYBENZOYL HEXYL BENZOATE,디에칠아미노하이드록시벤조일헥실벤조에이트,PHOTOPROTECTIVE,mfds,mfds,48
DIETHYLHEXYL BUTAMIDO TRIAZONE,디에칠헥실부타미도트리아존,PHOTOPROTECTIVE,mfds,mfds,10
DIMETHICONE/VINYL DIMETHICONE CROSSPOLYMER,다이메티콘/비닐다이메티콘크로스폴리머,BARRIER_REPAIR,graph,exposed,96
DIMETHICONE/VINYL DIMETHICONE CROSSPOLYMER,다이메티콘/비닐다이메티콘크로스폴리머,HYDRATING,graph,exposed,96
DIMETHICONE/VINYL DIMETHICONE CROSSPOLYMER,다이메티콘/비닐다이메티콘크로스폴리머,SEBUM_REGULATION,graph,exposed,96
DIPOTASSIUM GLYCYRRHIZATE,다이포타슘글리시리제이트,BARRIER_REPAIR,graph,products100,431
DIPOTASSIUM GLYCYRRHIZATE,다이포타슘글리시리제이트,HYDRATING,graph,products100,431
DIPOTASSIUM GLYCYRRHIZATE,다이포타슘글리시리제이트,MOISTURE_RETENTION,graph,products100,431
DNA,디엔에이,BARRIER_REPAIR,graph,products100,189
DNA,디엔에이,HYDRATING,graph,products100,189
DROMETRIZOLE TRISILOXANE,드로메트리졸트리실록산,PHOTOPROTECTIVE,mfds,mfds,9
DRYOPTERIS FILIX-MAS ROOT EXTRACT,메일펀뿌리추출물,BARRIER_REPAIR,graph,exposed,2
DRYOPTERIS FILIX-MAS ROOT EXTRACT,메일펀뿌리추출물,HYDRATING,graph,exposed,2
DRYOPTERIS FILIX-MAS ROOT EXTRACT,메일펀뿌리추출물,SEBUM_REGULATION,graph,exposed,2
ECTOIN,엑토인,BARRIER_REPAIR,graph,products100,128
ECTOIN,엑토인,HYDRATING,graph,products100,128
ETHYLHEXYL METHOXYCINNAMATE,에칠헥실메톡시신나메이트,PHOTOPROTECTIVE,graph|mfds,mfds,19
ETHYLHEXYL PALMITATE,에틸헥실팔미테이트,BARRIER_REPAIR,graph,exposed|products100,205
ETHYLHEXYL PALMITATE,에틸헥실팔미테이트,HYDRATING,graph,exposed|products100,205
ETHYLHEXYL SALICYLATE,에칠헥실살리실레이트,PHOTOPROTECTIVE,graph|mfds,mfds,21
ETHYLHEXYL TRIAZONE,에칠헥실트리아존,PHOTOPROTECTIVE,graph|mfds,mfds,37
ETHYLHEXYLGLYCERIN,에틸헥실글리세린,BARRIER_REPAIR,graph,products100,1921
ETHYLHEXYLGLYCERIN,에틸헥실글리세린,HYDRATING,graph,products100,1921
FIBRONECTIN,피브로넥틴,BARRIER_REPAIR,graph,exposed,1
FIBRONECTIN,피브로넥틴,HYDRATING,graph,exposed,1
FICUS CARICA BARK EXTRACT,무화과나무잎추출물,BARRIER_REPAIR,graph,products100,195
FICUS CARICA BARK EXTRACT,무화과나무잎추출물,HYDRATING,graph,products100,195
FRUCTOOLIGOSACCHARIDES,프룩토올리고사카라이드,BARRIER_REPAIR,graph,products100,175
FRUCTOOLIGOSACCHARIDES,프룩토올리고사카라이드,HYDRATING,graph,products100,175
FRUCTOOLIGOSACCHARIDES,프룩토올리고사카라이드,MOISTURE_RETENTION,graph,products100,175
FULLERENES,풀러린,ANTIMICROBIAL,graph,exposed,11
FULLERENES,풀러린,ANTI_AGING,graph,exposed,11
FULLERENES,풀러린,BARRIER_REPAIR,graph,exposed,11
FULLERENES,풀러린,HYDRATING,graph,exposed,11
FULLERENES,풀러린,PHOTOPROTECTIVE,graph,exposed,11
GARDENIA FLORIDA FRUIT EXTRACT,치자추출물,BARRIER_REPAIR,graph,products100,178
GARDENIA FLORIDA FRUIT EXTRACT,치자추출물,HYDRATING,graph,products100,178
GENISTEIN,제니스테인,ANTIMICROBIAL,graph,exposed,1
GENISTEIN,제니스테인,ANTIOXIDANT,graph,exposed,1
GENISTEIN,제니스테인,BARRIER_REPAIR,graph,exposed,1
GENISTEIN,제니스테인,HYDRATING,graph,exposed,1
GENISTEIN,제니스테인,SEBUM_REGULATION,graph,exposed,1
GERANIOL,제라니올,SEBUM_REGULATION,graph,products100,198
GLUCONOLACTONE,글루코노락톤,ANTI_AGING,graph,products100,347
GLUCONOLACTONE,글루코노락톤,BARRIER_REPAIR,graph,products100,347
GLUCONOLACTONE,글루코노락톤,HYDRATING,graph,products100,347
GLUCONOLACTONE,글루코노락톤,SOOTHING,graph,products100,347
GLUCOSE,글루코오스,BARRIER_REPAIR,graph,exposed|products100,313
GLUCOSE,글루코오스,HYDRATING,graph,exposed|products100,313
GLUCOSE,글루코오스,MOISTURE_RETENTION,graph,exposed|products100,313
GLUCOSE,글루코오스,SOOTHING,graph,exposed|products100,313
GLUTAMIC ACID,글루타믹애씨드,HYDRATING,graph,products100,181
GLUTAMIC ACID,글루타믹애씨드,MOISTURE_RETENTION,graph,products100,181
GLUTATHIONE,글루타티온,ANTIOXIDANT,graph,products100,200
GLYCERETH-12,글리세레스-8,HYDRATING,graph,products100,238
GLYCERETH-12,글리세레스-8,MOISTURE_RETENTION,graph,products100,238
GLYCERIN,글리세린,BARRIER_REPAIR,graph,exposed|products100,2639
GLYCERIN,글리세린,HYDRATING,graph,exposed|products100,2639
GLYCERIN,글리세린,MOISTURE_RETENTION,graph,exposed|products100,2639
GLYCERIN,글리세린,SOOTHING,graph,exposed|products100,2639
GLYCERYL ACRYLATE/ACRYLIC ACID COPOLYMER,글리세릴아크릴레이트/아크릴릭애씨드코폴리머,HYDRATING,graph,products100,174
GLYCERYL ACRYLATE/ACRYLIC ACID COPOLYMER,글리세릴아크릴레이트/아크릴릭애씨드코폴리머,MOISTURE_RETENTION,graph,products100,174
GLYCERYL CAPRYLATE,글리세릴카프릴레이트,BARRIER_REPAIR,graph,products100,242
GLYCERYL CAPRYLATE,글리세릴카프릴레이트,HYDRATING,graph,products100,242
GLYCERYL GLUCOSIDE,글리세릴글루코사이드,BARRIER_REPAIR,graph,products100,140
GLYCERYL GLUCOSIDE,글리세릴글루코사이드,HYDRATING,graph,products100,140
GLYCERYL GLUCOSIDE,글리세릴글루코사이드,MOISTURE_RETENTION,graph,products100,140
GLYCERYL STEARATE,글리세릴스테아레이트,BARRIER_REPAIR,graph,products100,608
GLYCERYL STEARATE,글리세릴스테아레이트,HYDRATING,graph,products100,608
GLYCERYL STEARATE CITRATE,글리세릴스테아레이트시트레이트,BARRIER_REPAIR,graph,products100,112
GLYCERYL STEARATE CITRATE,글리세릴스테아레이트시트레이트,HYDRATING,graph,products100,112
GLYCINE,글라이신,BARRIER_REPAIR,graph,products100,210
GLYCINE,글라이신,HYDRATING,graph,products100,210
GLYCINE,글라이신,MOISTURE_RETENTION,graph,products100,210
GLYCINE,글라이신,WOUND_HEALING,graph,products100,210
GLYCINE SOJA OIL,돌콩오일,BARRIER_REPAIR,graph,products100,132
GLYCINE SOJA OIL,돌콩오일,HYDRATING,graph,products100,132
GLYCINE SOJA OIL,돌콩오일,MOISTURE_RETENTION,graph,products100,132
GLYCINE SOJA OIL,돌콩오일,SOOTHING,graph,products100,132
GLYCOLIC ACID,글라이콜릭애씨드,COMEDOLYTIC,graph,exposed,81
GLYCOLIC ACID,글라이콜릭애씨드,HYDRATING,graph,exposed,81
GLYCOLIC ACID,글라이콜릭애씨드,KERATOLYTIC,graph,exposed,81
GLYCYRRHIZA GLABRA RHIZOME/ROOT EXTRACT,스페인감초뿌리줄기/뿌리추출물,BARRIER_REPAIR,graph,products100,142
GLYCYRRHIZA GLABRA RHIZOME/ROOT EXTRACT,스페인감초뿌리줄기/뿌리추출물,HYDRATING,graph,products100,142
HAEMATOCOCCUS PLUVIALIS EXTRACT,해마토코쿠스 플루비알리스추출물,ANTIOXIDANT,graph,exposed,6
HAEMATOCOCCUS PLUVIALIS EXTRACT,해마토코쿠스 플루비알리스추출물,ANTI_AGING,graph,exposed,6
HAEMATOCOCCUS PLUVIALIS EXTRACT,해마토코쿠스 플루비알리스추출물,BARRIER_REPAIR,graph,exposed,6
HAEMATOCOCCUS PLUVIALIS EXTRACT,해마토코쿠스 플루비알리스추출물,SOOTHING,graph,exposed,6
HALLOYSITE,할로이사이트,SEBUM_REGULATION,graph,products100,119
HAMAMELIS VIRGINIANA BARK/TWIG EXTRACT,버지니아풍년화잎수,ANTIOXIDANT,graph,products100,120
HAMAMELIS VIRGINIANA BARK/TWIG EXTRACT,버지니아풍년화잎수,ANTI_INFLAMMATORY,graph,products100,120
HAMAMELIS VIRGINIANA BARK/TWIG EXTRACT,버지니아풍년화잎수,BARRIER_REPAIR,graph,products100,120
HAMAMELIS VIRGINIANA BARK/TWIG EXTRACT,버지니아풍년화잎수,HYDRATING,graph,products100,120
HAMAMELIS VIRGINIANA BARK/TWIG EXTRACT,버지니아풍년화잎수,SEBUM_REGULATION,graph,products100,120
HAMAMELIS VIRGINIANA BARK/TWIG EXTRACT,버지니아풍년화잎수,SOOTHING,graph,products100,120
HELIANTHUS ANNUUS HYBRID OIL,해바라기하이브리드오일,BARRIER_REPAIR,graph,products100,384
HELIANTHUS ANNUUS HYBRID OIL,해바라기하이브리드오일,HYDRATING,graph,products100,384
HEXAPEPTIDE-11,헥사펩타이드-1,ANTI_AGING,graph,exposed,25
HEXAPEPTIDE-11,헥사펩타이드-1,BARRIER_REPAIR,graph,exposed,25
HEXAPEPTIDE-11,헥사펩타이드-1,HYDRATING,graph,exposed,25
HEXYLENE GLYCOL,헥실렌글라이콜,BARRIER_REPAIR,graph,products100,124
HEXYLENE GLYCOL,헥실렌글라이콜,HYDRATING,graph,products100,124
HEXYLRESORCINOL,헥실레조시놀,ANTIMICROBIAL,graph,exposed,10
HEXYLRESORCINOL,헥실레조시놀,ANTI_AGING,graph,exposed,10
HEXYLRESORCINOL,헥실레조시놀,DEPIGMENTING,graph,exposed,10
HEXYLRESORCINOL,헥실레조시놀,PHOTOPROTECTIVE,graph,exposed,10
HEXYLRESORCINOL,헥실레조시놀,SOOTHING,graph,exposed,10
HIPPOPHAE RHAMNOIDES FRUIT EXTRACT,비타민나무씨가루,BARRIER_REPAIR,graph,products100,127
HIPPOPHAE RHAMNOIDES FRUIT EXTRACT,비타민나무씨가루,HYDRATING,graph,products100,127
HISTIDINE,히스티딘,BARRIER_REPAIR,graph,products100,138
HISTIDINE,히스티딘,HYDRATING,graph,products100,138
HISTIDINE,히스티딘,MOISTURE_RETENTION,graph,products100,138
HOMOSALATE,호모살레이트,PHOTOPROTECTIVE,graph|mfds,mfds,14
HOUTTUYNIA CORDATA EXTRACT,약모밀꽃/잎/줄기수,ANTIMICROBIAL,graph,products100,216
HOUTTUYNIA CORDATA EXTRACT,약모밀꽃/잎/줄기수,ANTIOXIDANT,graph,products100,216
HOUTTUYNIA CORDATA EXTRACT,약모밀꽃/잎/줄기수,ANTI_INFLAMMATORY,graph,products100,216
HOUTTUYNIA CORDATA EXTRACT,약모밀꽃/잎/줄기수,BARRIER_REPAIR,graph,products100,216
HOUTTUYNIA CORDATA EXTRACT,약모밀꽃/잎/줄기수,HYDRATING,graph,products100,216
HYALURONIC ACID,하이알루로닉애씨드,ANTI_AGING,graph,exposed|products100,646
HYALURONIC ACID,하이알루로닉애씨드,BARRIER_REPAIR,graph,exposed|products100,646
HYALURONIC ACID,하이알루로닉애씨드,HYDRATING,graph,exposed|products100,646
HYALURONIC ACID,하이알루로닉애씨드,MOISTURE_RETENTION,graph,exposed|products100,646
HYALURONIC ACID,하이알루로닉애씨드,PHOTOPROTECTIVE,graph,exposed|products100,646
HYALURONIC ACID,하이알루로닉애씨드,WOUND_HEALING,graph,exposed|products100,646
HYDROGENATED LECITHIN,하이드로제네이티드레시틴,BARRIER_REPAIR,graph,products100,1072
HYDROGENATED LECITHIN,하이드로제네이티드레시틴,HYDRATING,graph,products100,1072
HYDROGENATED POLY(C6-14 OLEFIN),하이드로제네이티드폴리(C6-14올레핀),BARRIER_REPAIR,graph,products100,122
HYDROGENATED POLY(C6-14 OLEFIN),하이드로제네이티드폴리(C6-14올레핀),HYDRATING,graph,products100,122
HYDROGENATED POLYDECENE,하이드로제네이티드폴리데센,BARRIER_REPAIR,graph,products100,175
HYDROGENATED POLYDECENE,하이드로제네이티드폴리데센,HYDRATING,graph,products100,175
HYDROGENATED POLYISOBUTENE,하이드로제네이티드폴리아이소부텐,BARRIER_REPAIR,graph,products100,125
HYDROGENATED POLYISOBUTENE,하이드로제네이티드폴리아이소부텐,HYDRATING,graph,products100,125
HYDROLYZED CORALLINA OFFICINALIS,하이드롤라이즈드참산호말,BARRIER_REPAIR,graph,products100,154
HYDROLYZED CORALLINA OFFICINALIS,하이드롤라이즈드참산호말,HYDRATING,graph,products100,154
HYDROLYZED HYALURONIC ACID,하이드롤라이즈드하이알루로닉애씨드,BARRIER_REPAIR,graph,products100,793
HYDROLYZED HYALURONIC ACID,하이드롤라이즈드하이알루로닉애씨드,HYDRATING,graph,products100,793
HYDROLYZED HYALURONIC ACID,하이드롤라이즈드하이알루로닉애씨드,MOISTURE_RETENTION,graph,products100,793
HYDROLYZED JOJOBA ESTERS,하이드롤라이즈드호호바에스터,BARRIER_REPAIR,graph,exposed,16
HYDROLYZED JOJOBA ESTERS,하이드롤라이즈드호호바에스터,HYDRATING,graph,exposed,16
HYDROLYZED SERICIN,하이드롤라이즈드태반단백질,BARRIER_REPAIR,graph,products100,329
HYDROLYZED SERICIN,하이드롤라이즈드태반단백질,HYDRATING,graph,products100,329
HYDROLYZED SODIUM HYALURONATE,하이드롤라이즈드소듐하이알루로네이트,BARRIER_REPAIR,graph,products100,342
HYDROLYZED SODIUM HYALURONATE,하이드롤라이즈드소듐하이알루로네이트,HYDRATING,graph,products100,342
HYDROXYACETOPHENONE,하이드록시아세토페논,ANTIOXIDANT,graph,products100,572
HYDROXYACETOPHENONE,하이드록시아세토페논,ANTI_AGING,graph,products100,572
HYDROXYPINACOLONE RETINOATE,하이드록시피나콜론레티노에이트,BARRIER_REPAIR,graph,exposed,22
HYDROXYPINACOLONE RETINOATE,하이드록시피나콜론레티노에이트,HYDRATING,graph,exposed,22
HYDROXYPINACOLONE RETINOATE,하이드록시피나콜론레티노에이트,SOOTHING,graph,exposed,22
HYDROXYPROPYL CYCLODEXTRIN,하이드록시프로필사이클로덱스트린,BARRIER_REPAIR,graph,exposed,50
HYDROXYPROPYL CYCLODEXTRIN,하이드록시프로필사이클로덱스트린,HYDRATING,graph,exposed,50
HYDROXYPROPYL CYCLODEXTRIN,하이드록시프로필사이클로덱스트린,SOOTHING,graph,exposed,50
ISOLEUCINE,아이소류신,BARRIER_REPAIR,graph,products100,120
ISOLEUCINE,아이소류신,HYDRATING,graph,products100,120
KOJIC ACID,코직애씨드,ANTIOXIDANT,graph,exposed,12
KOJIC ACID,코직애씨드,ANTI_AGING,graph,exposed,12
KOJIC ACID,코직애씨드,DEPIGMENTING,graph,exposed,12
LACTIC ACID,락틱애씨드,BARRIER_REPAIR,graph,exposed|products100,133
LACTIC ACID,락틱애씨드,HYDRATING,graph,exposed|products100,133
LACTIC ACID,락틱애씨드,KERATOLYTIC,graph,exposed|products100,133
LACTIC ACID,락틱애씨드,MOISTURE_RETENTION,graph,exposed|products100,133
LACTOBACILLUS FERMENT,락토바실러스발효물,BARRIER_REPAIR,graph,products100,219
LACTOBACILLUS FERMENT,락토바실러스발효물,HYDRATING,graph,products100,219
LACTOBACILLUS FERMENT LYSATE,락토바실러스발효용해물,BARRIER_REPAIR,graph,products100,151
LACTOBACILLUS FERMENT LYSATE,락토바실러스발효용해물,HYDRATING,graph,products100,151
LACTOBACILLUS/SOYBEAN FERMENT EXTRACT,락토바실러스/콩발효추출물,BARRIER_REPAIR,graph,products100,109
LACTOBACILLUS/SOYBEAN FERMENT EXTRACT,락토바실러스/콩발효추출물,HYDRATING,graph,products100,109
LAMINARIA DIGITATA EXTRACT,호스테일켈프추출물,ANTIMICROBIAL,graph,exposed,26
LAMINARIA DIGITATA EXTRACT,호스테일켈프추출물,BARRIER_REPAIR,graph,exposed,26
LAMINARIA DIGITATA EXTRACT,호스테일켈프추출물,HYDRATING,graph,exposed,26
LAMINARIA DIGITATA EXTRACT,호스테일켈프추출물,MOISTURE_RETENTION,graph,exposed,26
LAMINARIA DIGITATA EXTRACT,호스테일켈프추출물,SEBUM_REGULATION,graph,exposed,26
LAMINARIA DIGITATA EXTRACT,호스테일켈프추출물,SOOTHING,graph,exposed,26
LAVANDULA ANGUSTIFOLIA OIL,라벤더오일,ANTIMICROBIAL,graph,products100,168
LAVANDULA ANGUSTIFOLIA OIL,라벤더오일,SEBUM_REGULATION,graph,products100,168
LECITHIN,레시틴,BARRIER_REPAIR,graph,products100,216
LECITHIN,레시틴,HYDRATING,graph,products100,216
LEUCINE,류신,BARRIER_REPAIR,graph,products100,111
LEUCINE,류신,HYDRATING,graph,products100,111
LINALOOL,리날룰,ANTI_INFLAMMATORY,graph,products100,513
LINALOOL,리날룰,SOOTHING,graph,products100,513
LYSINE,라이신,BARRIER_REPAIR,graph,products100,116
LYSINE,라이신,HYDRATING,graph,products100,116
MACADAMIA INTEGRIFOLIA SEED OIL,퀸즈랜드넛오일,ANTI_AGING,graph,products100,223
MACADAMIA INTEGRIFOLIA SEED OIL,퀸즈랜드넛오일,BARRIER_REPAIR,graph,products100,223
MACADAMIA INTEGRIFOLIA SEED OIL,퀸즈랜드넛오일,HYDRATING,graph,products100,223
MACADAMIA INTEGRIFOLIA SEED OIL,퀸즈랜드넛오일,MOISTURE_RETENTION,graph,products100,223
MADECASSIC ACID,마데카식애씨드,BARRIER_REPAIR,graph,products100,314
MADECASSIC ACID,마데카식애씨드,HYDRATING,graph,products100,314
MADECASSOSIDE,마데카소사이드,ANTIOXIDANT,graph,exposed|products100,421
MADECASSOSIDE,마데카소사이드,ANTI_AGING,graph,exposed|products100,421
MADECASSOSIDE,마데카소사이드,BARRIER_REPAIR,graph,exposed|products100,421
MADECASSOSIDE,마데카소사이드,HYDRATING,graph,exposed|products100,421
MADECASSOSIDE,마데카소사이드,SOOTHING,graph,exposed|products100,421
MADECASSOSIDE,마데카소사이드,WOUND_HEALING,graph,exposed|products100,421
MAGNESIUM ASCORBYL PHOSPHATE,마그네슘아스코빌포스페이트,ANTIOXIDANT,graph,mfds|exposed,30
MAGNESIUM ASCORBYL PHOSPHATE,마그네슘아스코빌포스페이트,ANTI_AGING,graph,mfds|exposed,30
MAGNESIUM ASCORBYL PHOSPHATE,마그네슘아스코빌포스페이트,BARRIER_REPAIR,graph,mfds|exposed,30
MAGNESIUM ASCORBYL PHOSPHATE,마그네슘아스코빌포스페이트,BRIGHTENING,graph|mfds,mfds|exposed,30
MAGNESIUM ASCORBYL PHOSPHATE,마그네슘아스코빌포스페이트,DEPIGMENTING,graph|mfds,mfds|exposed,30
MAGNESIUM ASCORBYL PHOSPHATE,마그네슘아스코빌포스페이트,HYDRATING,graph,mfds|exposed,30
MAGNOLOL,마그놀올,ANTIOXIDANT,graph,exposed,1
MAGNOLOL,마그놀올,ANTI_AGING,graph,exposed,1
MAGNOLOL,마그놀올,SOOTHING,graph,exposed,1
MALIC ACID,말릭애씨드,HYDRATING,graph,exposed,17
MALIC ACID,말릭애씨드,KERATOLYTIC,graph,exposed,17
MALTODEXTRIN,말토덱스트린,BARRIER_REPAIR,graph,products100,220
MALTODEXTRIN,말토덱스트린,HYDRATING,graph,products100,220
MALUS DOMESTICA FRUIT WATER,사과추출물,BARRIER_REPAIR,graph,products100,141
MALUS DOMESTICA FRUIT WATER,사과추출물,HYDRATING,graph,products100,141
MANDELIC ACID,만델릭애씨드,ANTIMICROBIAL,graph,exposed,20
MANDELIC ACID,만델릭애씨드,ANTI_AGING,graph,exposed,20
MANDELIC ACID,만델릭애씨드,BRIGHTENING,graph,exposed,20
MANDELIC ACID,만델릭애씨드,KERATOLYTIC,graph,exposed,20
MANDELIC ACID,만델릭애씨드,SEBUM_REGULATION,graph,exposed,20
MANNITOL,만니톨,BARRIER_REPAIR,graph,products100,133
MANNITOL,만니톨,HYDRATING,graph,products100,133
MANNITOL,만니톨,MOISTURE_RETENTION,graph,products100,133
MELALEUCA ALTERNIFOLIA LEAF EXTRACT,티트리꽃/잎/줄기오일,BARRIER_REPAIR,graph,products100,114
MELALEUCA ALTERNIFOLIA LEAF EXTRACT,티트리꽃/잎/줄기오일,HYDRATING,graph,products100,114
MELALEUCA ALTERNIFOLIA LEAF OIL,멜라레우카 퀸퀘네르비아오일,ANTIOXIDANT,graph,products100,104
MELALEUCA ALTERNIFOLIA LEAF OIL,멜라레우카 퀸퀘네르비아오일,ANTI_AGING,graph,products100,104
MELALEUCA ALTERNIFOLIA LEAF OIL,멜라레우카 퀸퀘네르비아오일,BARRIER_REPAIR,graph,products100,104
MELALEUCA ALTERNIFOLIA LEAF OIL,멜라레우카 퀸퀘네르비아오일,HYDRATING,graph,products100,104
MELALEUCA ALTERNIFOLIA LEAF OIL,멜라레우카 퀸퀘네르비아오일,SOOTHING,graph,products100,104
MELANIN,폴리다이하이드록시인돌,BARRIER_REPAIR,graph,exposed,1
MELANIN,폴리다이하이드록시인돌,DEPIGMENTING,graph,exposed,1
MELANIN,폴리다이하이드록시인돌,PHOTOPROTECTIVE,graph,exposed,1
MELANIN,폴리다이하이드록시인돌,SOOTHING,graph,exposed,1
MELIA AZADIRACHTA FLOWER EXTRACT,인도멀구슬나무꽃추출물,BARRIER_REPAIR,graph,products100,205
MELIA AZADIRACHTA FLOWER EXTRACT,인도멀구슬나무꽃추출물,HYDRATING,graph,products100,205
MELIA AZADIRACHTA LEAF EXTRACT,인도멀구슬나무잎추출물,BARRIER_REPAIR,graph,products100,216
MELIA AZADIRACHTA LEAF EXTRACT,인도멀구슬나무잎추출물,HYDRATING,graph,products100,216
MENTHOL,엘-멘톨,ANTI_INFLAMMATORY,graph,mfds,39
MENTHOL,엘-멘톨,SOOTHING,graph,mfds,39
METHIONINE,메티오닌,ANTI_AGING,graph,exposed|products100,111
METHIONINE,메티오닌,BARRIER_REPAIR,graph,exposed|products100,111
METHIONINE,메티오닌,HYDRATING,graph,exposed|products100,111
METHIONINE,메티오닌,SEBUM_REGULATION,graph,exposed|products100,111
METHYL TRIMETHICONE,메틸트라이메티콘,BARRIER_REPAIR,graph,products100,113
METHYL TRIMETHICONE,메틸트라이메티콘,HYDRATING,graph,products100,113
METHYLENE BIS-BENZOTRIAZOLYL TETRAMETHYLBUTYLPHENOL,메칠렌비스-벤조트리아졸릴테트라메칠부틸페놀,PHOTOPROTECTIVE,mfds,mfds,7
MORINGA OLEIFERA BARK EXTRACT,드럼스틱껍질추출물,BARRIER_REPAIR,graph,products100,122
MORINGA OLEIFERA BARK EXTRACT,드럼스틱껍질추출물,HYDRATING,graph,products100,122
NELUMBO NUCIFERA CALLUS CULTURE EXTRACT,연꽃추출물,ANTIMICROBIAL,graph,products100,111
NELUMBO NUCIFERA CALLUS CULTURE EXTRACT,연꽃추출물,ANTIOXIDANT,graph,products100,111
NELUMBO NUCIFERA CALLUS CULTURE EXTRACT,연꽃추출물,ANTI_AGING,graph,products100,111
NELUMBO NUCIFERA CALLUS CULTURE EXTRACT,연꽃추출물,HYDRATING,graph,products100,111
NELUMBO NUCIFERA CALLUS CULTURE EXTRACT,연꽃추출물,MOISTURE_RETENTION,graph,products100,111
NIACINAMIDE,나이아신아마이드,ANTI_AGING,graph,mfds|exposed|products100,1212
NIACINAMIDE,나이아신아마이드,BARRIER_REPAIR,graph,mfds|exposed|products100,1212
NIACINAMIDE,나이아신아마이드,BRIGHTENING,graph|mfds,mfds|exposed|products100,1212
NIACINAMIDE,나이아신아마이드,DEPIGMENTING,graph|mfds,mfds|exposed|products100,1212
NIACINAMIDE,나이아신아마이드,HYDRATING,graph,mfds|exposed|products100,1212
NIACINAMIDE,나이아신아마이드,KERATOLYTIC,graph,mfds|exposed|products100,1212
NIACINAMIDE,나이아신아마이드,SEBUM_REGULATION,graph,mfds|exposed|products100,1212
NIACINAMIDE,나이아신아마이드,SOOTHING,graph,mfds|exposed|products100,1212
OCIMUM SANCTUM LEAF EXTRACT,홀리바질잎추출물,BARRIER_REPAIR,graph,products100,153
OCIMUM SANCTUM LEAF EXTRACT,홀리바질잎추출물,HYDRATING,graph,products100,153
OCTOCRYLENE,옥토크릴렌,PHOTOPROTECTIVE,graph|mfds,mfds,12
OCTYLDODECANOL,옥틸도데칸올,BARRIER_REPAIR,graph,products100,146
OCTYLDODECANOL,옥틸도데칸올,HYDRATING,graph,products100,146
OENOTHERA BIENNIS FLOWER/LEAF/STEM EXTRACT,도꼬마리열매/잎/줄기추출물,BARRIER_REPAIR,graph,products100,133
OENOTHERA BIENNIS FLOWER/LEAF/STEM EXTRACT,도꼬마리열매/잎/줄기추출물,HYDRATING,graph,products100,133
OLEA EUROPAEA BUD EXTRACT,올리브불검화물,ANTIOXIDANT,graph,products100,237
OLEA EUROPAEA BUD EXTRACT,올리브불검화물,ANTI_AGING,graph,products100,237
OLEA EUROPAEA BUD EXTRACT,올리브불검화물,BARRIER_REPAIR,graph,products100,237
OLEA EUROPAEA BUD EXTRACT,올리브불검화물,HYDRATING,graph,products100,237
OLIGOPEPTIDE-68,올리고펩타이드-68,DEPIGMENTING,graph,exposed,2
PALMITAMIDE MEA,팔미타마이드엠이에이,SOOTHING,graph,exposed,15
PALMITIC ACID,팔미틱애씨드,BARRIER_REPAIR,graph,products100,329
PALMITIC ACID,팔미틱애씨드,HYDRATING,graph,products100,329
PALMITOYL PENTAPEPTIDE-4,팔미토일펜타펩타이드-4,BARRIER_REPAIR,graph,products100,176
PALMITOYL PENTAPEPTIDE-4,팔미토일펜타펩타이드-4,HYDRATING,graph,products100,176
PALMITOYL TETRAPEPTIDE-7,팔미토일테트라펩타이드-7,BARRIER_REPAIR,graph,products100,105
PALMITOYL TETRAPEPTIDE-7,팔미토일테트라펩타이드-7,HYDRATING,graph,products100,105
PALMITOYL TRIPEPTIDE-1,팔미토일트라이펩타이드-1,BARRIER_REPAIR,graph,products100,153
PALMITOYL TRIPEPTIDE-1,팔미토일트라이펩타이드-1,HYDRATING,graph,products100,153
PALMITOYL TRIPEPTIDE-5,팔미토일트라이펩타이드-5,BARRIER_REPAIR,graph,products100,126
PALMITOYL TRIPEPTIDE-5,팔미토일트라이펩타이드-5,HYDRATING,graph,products100,126
PANTHENOL,덱스판테놀,BARRIER_REPAIR,graph,mfds|exposed|products100,1293
PANTHENOL,덱스판테놀,HYDRATING,graph,mfds|exposed|products100,1293
PANTHENOL,덱스판테놀,MOISTURE_RETENTION,graph,mfds|exposed|products100,1293
PANTHENOL,덱스판테놀,SOOTHING,graph,mfds|exposed|products100,1293
PANTHENOL,덱스판테놀,WOUND_HEALING,graph,mfds|exposed|products100,1293
PARAFFIN,파라핀,ANTI_AGING,graph,exposed,10
PARAFFIN,파라핀,BARRIER_REPAIR,graph,exposed,10
PARAFFIN,파라핀,DEPIGMENTING,graph,exposed,10
PARAFFIN,파라핀,HYDRATING,graph,exposed,10
PARAFFINUM LIQUIDUM,미네랄오일,BARRIER_REPAIR,graph,exposed,42
PARAFFINUM LIQUIDUM,미네랄오일,HYDRATING,graph,exposed,42
PARAFFINUM LIQUIDUM,미네랄오일,MOISTURE_RETENTION,graph,exposed,42
PARAFFINUM LIQUIDUM,미네랄오일,SOOTHING,graph,exposed,42
PENTAPEPTIDE-18,펜타펩타이드-8,BARRIER_REPAIR,graph,exposed,4
PENTAPEPTIDE-18,펜타펩타이드-8,DEPIGMENTING,graph,exposed,4
PENTAPEPTIDE-18,펜타펩타이드-8,HYDRATING,graph,exposed,4
PENTYLENE GLYCOL,펜틸렌글라이콜,BARRIER_REPAIR,graph,products100,828
PENTYLENE GLYCOL,펜틸렌글라이콜,HYDRATING,graph,products100,828
PETROLATUM,페트롤라툼,BARRIER_REPAIR,graph,exposed,9
PETROLATUM,페트롤라툼,HYDRATING,graph,exposed,9
PETROLATUM,페트롤라툼,MOISTURE_RETENTION,graph,exposed,9
PETROLATUM,페트롤라툼,SOOTHING,graph,exposed,9
PHENOXYETHANOL,페녹시에탄올,ANTIMICROBIAL,graph,products100,349
PHENYLALANINE,페닐알라닌,BARRIER_REPAIR,graph,products100,121
PHENYLALANINE,페닐알라닌,HYDRATING,graph,products100,121
PHENYLBENZIMIDAZOLE SULFONIC ACID,페닐벤즈이미다졸설포닉애씨드,PHOTOPROTECTIVE,mfds,mfds,13
PHYTOSPHINGOSINE,피토스핑고신,BARRIER_REPAIR,graph,products100,168
PHYTOSPHINGOSINE,피토스핑고신,HYDRATING,graph,products100,168
PHYTOSTEROLS,피토스테롤,BARRIER_REPAIR,graph,products100,106
PHYTOSTEROLS,피토스테롤,HYDRATING,graph,products100,106
PINUS PALUSTRIS LEAF EXTRACT,대왕소나무잎추출물,SEBUM_REGULATION,graph,products100,125
POLYGLUTAMIC ACID,폴리글루타믹애씨드,BARRIER_REPAIR,graph,exposed,83
POLYGLUTAMIC ACID,폴리글루타믹애씨드,HYDRATING,graph,exposed,83
POLYGLYCERIN-20,폴리글리세린-20,ANTIMICROBIAL,graph,products100,196
POLYGLYCERIN-20,폴리글리세린-20,HYDRATING,graph,products100,196
POLYGLYCERIN-20,폴리글리세린-20,MOISTURE_RETENTION,graph,products100,196
POLYGLYCERYL-10 HEXAOLEATE,폴리글리세릴-10헥사올리에이트,BARRIER_REPAIR,graph,products100,229
POLYGLYCERYL-10 HEXAOLEATE,폴리글리세릴-10헥사올리에이트,HYDRATING,graph,products100,229
POLYGLYCERYL-10 LAURATE,폴리글리세릴-5라우레이트,BARRIER_REPAIR,graph,products100,427
POLYGLYCERYL-10 LAURATE,폴리글리세릴-5라우레이트,HYDRATING,graph,products100,427
POLYGLYCERYL-10 MYRISTATE,폴리글리세릴-10미리스테이트,BARRIER_REPAIR,graph,products100,102
POLYGLYCERYL-10 MYRISTATE,폴리글리세릴-10미리스테이트,HYDRATING,graph,products100,102
POLYGONUM CUSPIDATUM ROOT EXTRACT,호장근뿌리추출물,ANTIOXIDANT,graph,products100,105
POLYGONUM CUSPIDATUM ROOT EXTRACT,호장근뿌리추출물,ANTI_AGING,graph,products100,105
POLYQUATERNIUM-51,폴리쿼터늄-51,BARRIER_REPAIR,graph,products100,126
POLYQUATERNIUM-51,폴리쿼터늄-51,HYDRATING,graph,products100,126
POLYSILICONE-15,폴리실리콘-15,PHOTOPROTECTIVE,mfds,mfds,11
PORTULACA OLERACEA FLOWER/LEAF/STEM EXTRACT,쇠비름꽃/잎/줄기추출물,ANTIOXIDANT,graph,products100,206
PORTULACA OLERACEA FLOWER/LEAF/STEM EXTRACT,쇠비름꽃/잎/줄기추출물,ANTI_AGING,graph,products100,206
PORTULACA OLERACEA FLOWER/LEAF/STEM EXTRACT,쇠비름꽃/잎/줄기추출물,BARRIER_REPAIR,graph,products100,206
PORTULACA OLERACEA FLOWER/LEAF/STEM EXTRACT,쇠비름꽃/잎/줄기추출물,BRIGHTENING,graph,products100,206
PORTULACA OLERACEA FLOWER/LEAF/STEM EXTRACT,쇠비름꽃/잎/줄기추출물,HYDRATING,graph,products100,206
POTASSIUM HYALURONATE,포타슘하이알루로네이트,BARRIER_REPAIR,graph,products100,271
POTASSIUM HYALURONATE,포타슘하이알루로네이트,HYDRATING,graph,products100,271
POTENTILLA ANSERINA EXTRACT,실버위드추출물,BARRIER_REPAIR,graph,exposed,16
POTENTILLA ANSERINA EXTRACT,실버위드추출물,HYDRATING,graph,exposed,16
PROCOLLAGEN,프로콜라겐,ANTI_AGING,graph,exposed,9
PROCOLLAGEN,프로콜라겐,BARRIER_REPAIR,graph,exposed,9
PROCOLLAGEN,프로콜라겐,HYDRATING,graph,exposed,9
PROCOLLAGEN,프로콜라겐,PHOTOPROTECTIVE,graph,exposed,9
PROLINE,프롤린,BARRIER_REPAIR,graph,products100,140
PROLINE,프롤린,HYDRATING,graph,products100,140
PROPOLIS CERA,프로폴리스추출물,BARRIER_REPAIR,graph,exposed,56
PROPOLIS CERA,프로폴리스추출물,HYDRATING,graph,exposed,56
PROPOLIS CERA,프로폴리스추출물,MOISTURE_RETENTION,graph,exposed,56
PROPOLIS CERA,프로폴리스추출물,SEBUM_REGULATION,graph,exposed,56
PROPYLENE GLYCOL,프로필렌글라이콜,BARRIER_REPAIR,graph,products100,165
PROPYLENE GLYCOL,프로필렌글라이콜,HYDRATING,graph,products100,165
PROPYLENE GLYCOL,프로필렌글라이콜,MOISTURE_RETENTION,graph,products100,165
PUERARIA LOBATA FLOWER EXTRACT,칡전분,BARRIER_REPAIR,graph,products100,145
PUERARIA LOBATA FLOWER EXTRACT,칡전분,HYDRATING,graph,products100,145
PVP,피브이피,SOOTHING,graph,exposed,24
RETINAL,레틴알,ANTI_AGING,graph,exposed,38
RETINAL,레틴알,BARRIER_REPAIR,graph,exposed,38
RETINAL,레틴알,HYDRATING,graph,exposed,38
RETINAL,레틴알,PHOTOPROTECTIVE,graph,exposed,38
RETINAL,레틴알,SOOTHING,graph,exposed,38
RETINOL,레티놀,ANTI_AGING,graph|mfds,mfds|exposed,66
RETINOL,레티놀,ANTI_INFLAMMATORY,graph,mfds|exposed,66
RETINOL,레티놀,BARRIER_REPAIR,graph,mfds|exposed,66
RETINOL,레티놀,DEPIGMENTING,graph,mfds|exposed,66
RETINOL,레티놀,HYDRATING,graph,mfds|exposed,66
RETINOL,레티놀,PHOTOPROTECTIVE,graph,mfds|exposed,66
RETINOL,레티놀,SOOTHING,graph,mfds|exposed,66
RETINYL PALMITATE,레티닐팔미테이트,ANTI_AGING,graph|mfds,mfds,31
RETINYL PALMITATE,레티닐팔미테이트,BARRIER_REPAIR,graph,mfds,31
RETINYL PALMITATE,레티닐팔미테이트,HYDRATING,graph,mfds,31
ROSA CANINA FRUIT OIL,로즈힙열매추출물,ANTI_AGING,graph,exposed,74
ROSA CANINA FRUIT OIL,로즈힙열매추출물,BARRIER_REPAIR,graph,exposed,74
ROSA CANINA FRUIT OIL,로즈힙열매추출물,DEPIGMENTING,graph,exposed,74
ROSA CANINA FRUIT OIL,로즈힙열매추출물,HYDRATING,graph,exposed,74
ROSA CANINA FRUIT OIL,로즈힙열매추출물,SEBUM_REGULATION,graph,exposed,74
ROSA CANINA FRUIT OIL,로즈힙열매추출물,WOUND_HEALING,graph,exposed,74
ROSMARINUS OFFICINALIS LEAF OIL,로즈마리잎오일,BARRIER_REPAIR,graph,products100,162
ROSMARINUS OFFICINALIS LEAF OIL,로즈마리잎오일,HYDRATING,graph,products100,162
ROYAL JELLY,로얄젤리가루,WOUND_HEALING,graph,exposed,1
SALICYLIC ACID,살리실릭애씨드,ANTI_INFLAMMATORY,graph|mfds,mfds|exposed|products100,302
SALICYLIC ACID,살리실릭애씨드,BARRIER_REPAIR,graph,mfds|exposed|products100,302
SALICYLIC ACID,살리실릭애씨드,COMEDOLYTIC,graph|mfds,mfds|exposed|products100,302
SALICYLIC ACID,살리실릭애씨드,HYDRATING,graph,mfds|exposed|products100,302
SALICYLIC ACID,살리실릭애씨드,KERATOLYTIC,graph|mfds,mfds|exposed|products100,302
SALICYLIC ACID,살리실릭애씨드,SEBUM_REGULATION,graph|mfds,mfds|exposed|products100,302
SALICYLIC ACID,살리실릭애씨드,SOOTHING,graph,mfds|exposed|products100,302
SALIX ALBA EXTRACT,흰버드나무추출물,BARRIER_REPAIR,graph,products100,130
SALIX ALBA EXTRACT,흰버드나무추출물,HYDRATING,graph,products100,130
SALMON EGG EXTRACT,연어알추출물,ANTI_AGING,graph,exposed,18
SALMON EGG EXTRACT,연어알추출물,DEPIGMENTING,graph,exposed,18
SALMON EGG EXTRACT,연어알추출물,HYDRATING,graph,exposed,18
SALMON EGG EXTRACT,연어알추출물,SOOTHING,graph,exposed,18
SCUTELLARIA BAICALENSIS EXTRACT,황금전초추출물,ANTIMICROBIAL,graph,products100,176
SERINE,세린,ANTI_INFLAMMATORY,graph,exposed|products100,184
SERINE,세린,BARRIER_REPAIR,graph,exposed|products100,184
SERINE,세린,HYDRATING,graph,exposed|products100,184
SERINE,세린,MOISTURE_RETENTION,graph,exposed|products100,184
SIMMONDSIA CHINENSIS SEED WAX,호호바씨왁스,BARRIER_REPAIR,graph,products100,238
SIMMONDSIA CHINENSIS SEED WAX,호호바씨왁스,HYDRATING,graph,products100,238
SODIUM ACETYLATED HYALURONATE,소듐아세틸레이티드하이알루로네이트,HYDRATING,graph,products100,477
SODIUM ACETYLATED HYALURONATE,소듐아세틸레이티드하이알루로네이트,MOISTURE_RETENTION,graph,products100,477
SODIUM ASCORBYL PHOSPHATE,소듐아스코빌포스페이트,ANTIOXIDANT,graph,exposed|products100,122
SODIUM ASCORBYL PHOSPHATE,소듐아스코빌포스페이트,ANTI_AGING,graph,exposed|products100,122
SODIUM ASCORBYL PHOSPHATE,소듐아스코빌포스페이트,BRIGHTENING,graph,exposed|products100,122
SODIUM ASCORBYL PHOSPHATE,소듐아스코빌포스페이트,WOUND_HEALING,graph,exposed|products100,122
SODIUM HYALURONATE,소듐하이알루로네이트,BARRIER_REPAIR,graph,products100,1490
SODIUM HYALURONATE,소듐하이알루로네이트,HYDRATING,graph,products100,1490
SODIUM HYALURONATE,소듐하이알루로네이트,MOISTURE_RETENTION,graph,products100,1490
SODIUM HYALURONATE CROSSPOLYMER,소듐하이알루로네이트크로스폴리머,BARRIER_REPAIR,graph,products100,497
SODIUM HYALURONATE CROSSPOLYMER,소듐하이알루로네이트크로스폴리머,HYDRATING,graph,products100,497
SODIUM HYALURONATE CROSSPOLYMER,소듐하이알루로네이트크로스폴리머,MOISTURE_RETENTION,graph,products100,497
SODIUM POLYACRYLATE,소듐폴리아크릴레이트,BARRIER_REPAIR,graph,products100,218
SODIUM POLYACRYLATE,소듐폴리아크릴레이트,HYDRATING,graph,products100,218
SODIUM STEAROYL GLUTAMATE,소듐스테아로일글루타메이트,BARRIER_REPAIR,graph,products100,173
SODIUM STEAROYL GLUTAMATE,소듐스테아로일글루타메이트,HYDRATING,graph,products100,173
SOLANUM MELONGENA ROOT EXTRACT,가지뿌리추출물,BARRIER_REPAIR,graph,products100,101
SOLANUM MELONGENA ROOT EXTRACT,가지뿌리추출물,HYDRATING,graph,products100,101
SORBITOL,솔비톨,BARRIER_REPAIR,graph,products100,152
SORBITOL,솔비톨,HYDRATING,graph,products100,152
SORBITOL,솔비톨,MOISTURE_RETENTION,graph,products100,152
SOY ISOFLAVONES,소이아이소플라본,ANTI_AGING,graph,exposed,2
SOY ISOFLAVONES,소이아이소플라본,BARRIER_REPAIR,graph,exposed,2
SOY ISOFLAVONES,소이아이소플라본,HYDRATING,graph,exposed,2
SQUALANE,스쿠알란,BARRIER_REPAIR,graph,products100,506
SQUALANE,스쿠알란,HYDRATING,graph,products100,506
STEARYL ALCOHOL,스테아릴알코올,BARRIER_REPAIR,graph,products100,102
STEARYL ALCOHOL,스테아릴알코올,HYDRATING,graph,products100,102
SUCROSE,수크로오스,ANTI_AGING,graph,products100,156
SUCROSE,수크로오스,ANTI_INFLAMMATORY,graph,products100,156
SUCROSE,수크로오스,BARRIER_REPAIR,graph,products100,156
SUCROSE,수크로오스,HYDRATING,graph,products100,156
SUCROSE,수크로오스,MOISTURE_RETENTION,graph,products100,156
SUCROSE,수크로오스,SOOTHING,graph,products100,156
TEREPHTHALYLIDENE DICAMPHOR SULFONIC ACID,테레프탈릴리덴디캠퍼설포닉애씨드,PHOTOPROTECTIVE,mfds,mfds,19
TETRASILOXANE,다이메티콘,SOOTHING,graph,exposed|products100,353
THEOBROMA CACAO SEED BUTTER,카카오꽃추출물,BARRIER_REPAIR,graph,products100,203
THEOBROMA CACAO SEED BUTTER,카카오꽃추출물,HYDRATING,graph,products100,203
THEOBROMA CACAO SEED BUTTER,카카오꽃추출물,SOOTHING,graph,products100,203
TOCOPHEROL,토코페롤,ANTIOXIDANT,graph,products100,1242
TOCOPHEROL,토코페롤,ANTI_AGING,graph,products100,1242
TOCOPHEROL,토코페롤,BARRIER_REPAIR,graph,products100,1242
TOCOPHEROL,토코페롤,HYDRATING,graph,products100,1242
TOCOPHERYL ACETATE,토코페릴아세테이트,ANTIOXIDANT,graph,products100,317
TOCOPHERYL ACETATE,토코페릴아세테이트,ANTI_AGING,graph,products100,317
TOCOPHERYL ACETATE,토코페릴아세테이트,BARRIER_REPAIR,graph,products100,317
TOCOPHERYL ACETATE,토코페릴아세테이트,HYDRATING,graph,products100,317
TRANEXAMIC ACID,트라넥사믹애씨드,ANTI_INFLAMMATORY,graph,exposed,95
TRANEXAMIC ACID,트라넥사믹애씨드,BARRIER_REPAIR,graph,exposed,95
TRANEXAMIC ACID,트라넥사믹애씨드,BRIGHTENING,graph,exposed,95
TRANEXAMIC ACID,트라넥사믹애씨드,DEPIGMENTING,graph,exposed,95
TRANEXAMIC ACID,트라넥사믹애씨드,HYDRATING,graph,exposed,95
TRANEXAMIC ACID,트라넥사믹애씨드,PHOTOPROTECTIVE,graph,exposed,95
TRANEXAMIC ACID,트라넥사믹애씨드,SEBUM_REGULATION,graph,exposed,95
TREHALOSE,트레할로오스,ANTIMICROBIAL,graph,exposed|products100,315
TREHALOSE,트레할로오스,BARRIER_REPAIR,graph,exposed|products100,315
TREHALOSE,트레할로오스,HYDRATING,graph,exposed|products100,315
TREHALOSE,트레할로오스,MOISTURE_RETENTION,graph,exposed|products100,315
TRIETHYLHEXANOIN,트라이에틸헥사노인,BARRIER_REPAIR,graph,products100,148
TRIETHYLHEXANOIN,트라이에틸헥사노인,HYDRATING,graph,products100,148
TRIPEPTIDE-1,트라이펩타이드-31,BARRIER_REPAIR,graph,products100,106
TRIPEPTIDE-1,트라이펩타이드-31,HYDRATING,graph,products100,106
TRIPEPTIDE-1,트라이펩타이드-31,SOOTHING,graph,products100,106
TROXERUTIN,트록세루틴,BARRIER_REPAIR,graph,exposed,8
TROXERUTIN,트록세루틴,HYDRATING,graph,exposed,8
TROXERUTIN,트록세루틴,SOOTHING,graph,exposed,8
ULMUS DAVIDIANA ROOT EXTRACT,느릅나무뿌리추출물,BARRIER_REPAIR,graph,products100,192
ULMUS DAVIDIANA ROOT EXTRACT,느릅나무뿌리추출물,HYDRATING,graph,products100,192
UREA,우레아,BARRIER_REPAIR,graph,exposed,49
UREA,우레아,HYDRATING,graph,exposed,49
UREA,우레아,KERATOLYTIC,graph,exposed,49
UREA,우레아,MOISTURE_RETENTION,graph,exposed,49
VALINE,발린,ANTIOXIDANT,graph,products100,121
VALINE,발린,BARRIER_REPAIR,graph,products100,121
VALINE,발린,HYDRATING,graph,products100,121
VALINE,발린,MOISTURE_RETENTION,graph,products100,121
VALINE,발린,WOUND_HEALING,graph,products100,121
VINCETOXICUM ATRATUM EXTRACT,백미꽃추출물,BARRIER_REPAIR,graph,products100,103
VINCETOXICUM ATRATUM EXTRACT,백미꽃추출물,HYDRATING,graph,products100,103
VITIS VINIFERA SEED EXTRACT,포도뿌리추출물,ANTIMICROBIAL,graph,products100,120
VITIS VINIFERA SEED EXTRACT,포도뿌리추출물,ANTIOXIDANT,graph,products100,120
VITIS VINIFERA SEED EXTRACT,포도뿌리추출물,ANTI_AGING,graph,products100,120
VITIS VINIFERA SEED EXTRACT,포도뿌리추출물,BARRIER_REPAIR,graph,products100,120
VITIS VINIFERA SEED EXTRACT,포도뿌리추출물,SOOTHING,graph,products100,120
XANTHAN GUM,잔탄검,BARRIER_REPAIR,graph,products100,1101
XANTHAN GUM,잔탄검,HYDRATING,graph,products100,1101
XYLITOL,자일리톨,BARRIER_REPAIR,graph,products100,208
XYLITOL,자일리톨,HYDRATING,graph,products100,208
XYLITOL,자일리톨,MOISTURE_RETENTION,graph,products100,208
XYLITYLGLUCOSIDE,자일리틸글루코사이드,BARRIER_REPAIR,graph,products100,108
XYLITYLGLUCOSIDE,자일리틸글루코사이드,HYDRATING,graph,products100,108
XYLITYLGLUCOSIDE,자일리틸글루코사이드,MOISTURE_RETENTION,graph,products100,108
ZINC GLUCONATE,징크글루코네이트,ANTIMICROBIAL,graph,exposed,37
ZINC GLUCONATE,징크글루코네이트,ANTI_AGING,graph,exposed,37
ZINC GLUCONATE,징크글루코네이트,BARRIER_REPAIR,graph,exposed,37
ZINC GLUCONATE,징크글루코네이트,HYDRATING,graph,exposed,37
