concern_code,effect_codes,conditions
ACNE,ANTI_INFLAMMATORY|SEBUM_REGULATION|KERATOLYTIC|COMEDOLYTIC|ANTIMICROBIAL|BLEMISH_CARE,acne|oily
COMEDONES,KERATOLYTIC|COMEDOLYTIC|SEBUM_REGULATION,acne|oily
PORE_CONGESTION,KERATOLYTIC|COMEDOLYTIC|SEBUM_REGULATION,acne|oily
ENLARGED_PORES,SEBUM_REGULATION|KERATOLYTIC,oily|acne
OILY_SKIN,SEBUM_REGULATION,oily|acne
SENSITIVE_SKIN,SOOTHING|ANTI_INFLAMMATORY|BARRIER_REPAIR|HYDRATING,sensitive|atopic|healthy
REDNESS,ANTI_INFLAMMATORY|SOOTHING,sensitive
IRRITATED_SKIN,ANTI_INFLAMMATORY|SOOTHING|BARRIER_REPAIR,sensitive|atopic|healthy
ATOPIC_PRONE,ANTI_INFLAMMATORY|SOOTHING|BARRIER_REPAIR|HYDRATING,atopic|dry
ROSACEA_PRONE,ANTI_INFLAMMATORY|SOOTHING,sensitive
DRY_SKIN,HYDRATING|MOISTURE_RETENTION|BARRIER_REPAIR,dry|atopic|healthy|aging
DEHYDRATED_SKIN,HYDRATING|MOISTURE_RETENTION,dry|healthy|aging
FLAKY_SKIN,HYDRATING|KERATOLYTIC|MOISTURE_RETENTION,dry|keratinization|healthy|aging
ROUGH_TEXTURE,KERATOLYTIC|MOISTURE_RETENTION,dry|keratinization|healthy|aging
BARRIER_DAMAGE,BARRIER_REPAIR|HYDRATING|MOISTURE_RETENTION|SOOTHING,atopic|dry|sensitive|healthy
HYPERPIGMENTATION,DEPIGMENTING|BRIGHTENING,pigment|aging|healthy
DULLNESS,BRIGHTENING|DEPIGMENTING|KERATOLYTIC|ANTIOXIDANT,pigment|aging|healthy
UNEVEN_SKIN_TONE,BRIGHTENING|DEPIGMENTING,pigment|aging|healthy
BLEMISHES,DEPIGMENTING|BRIGHTENING|WOUND_HEALING,pigment|acne|scar
POST_ACNE_MARKS,DEPIGMENTING|BRIGHTENING|WOUND_HEALING,pigment|scar|acne
DARK_CIRCLES,DEPIGMENTING|BRIGHTENING,pigment|aging
SUNBURN,PHOTOPROTECTIVE|ANTIOXIDANT|SOOTHING,photo|healthy
AGING_SIGNS,ANTI_AGING|ANTIOXIDANT,aging|photo|healthy
WRINKLES,ANTI_AGING,aging|photo|healthy
LOSS_OF_ELASTICITY,ANTI_AGING|MOISTURE_RETENTION,aging|photo|healthy
SAGGING_SKIN,ANTI_AGING,aging|photo|healthy
